 ,Time,Time,Place,Place,Place,Place,Place,Place,Place,Environment,Environment,Environment,Environment,Environment,Environment,Aircraft 1,Aircraft 1,Aircraft 1,Aircraft 1,Aircraft 1,Aircraft 1,Aircraft 1,Aircraft 1,Aircraft 1,Aircraft 1,Aircraft 1,Aircraft 1,Aircraft 1,Aircraft 1,Aircraft 1,Aircraft 1,Aircraft 1,Aircraft 1,Aircraft 1,Aircraft 1,Aircraft 1,Aircraft 1,Aircraft 1,Aircraft 1,Aircraft 1,Aircraft 1,Aircraft 1,Aircraft 1,Aircraft 1,Aircraft 1,Aircraft 1,Aircraft 1,Aircraft 1,Aircraft 1,Aircraft 1,Component,Component,Component,Component,Aircraft 2,Aircraft 2,Aircraft 2,Aircraft 2,Aircraft 2,Aircraft 2,Aircraft 2,Aircraft 2,Aircraft 2,Aircraft 2,Aircraft 2,Aircraft 2,Aircraft 2,Aircraft 2,Aircraft 2,Aircraft 2,Aircraft 2,Aircraft 2,Aircraft 2,Aircraft 2,Aircraft 2,Aircraft 2,Aircraft 2,Aircraft 2,Aircraft 2,Aircraft 2,Aircraft 2,Aircraft 2,Aircraft 2,Aircraft 2,Aircraft 2,Aircraft 2,Aircraft 2,Aircraft 2,Aircraft 2,Person 1,Person 1,Person 1,Person 1,Person 1,Person 1,Person 1,Person 1,Person 1,Person 1,Person 1,Person 2,Person 2,Person 2,Person 2,Person 2,Person 2,Person 2,Person 2,Person 2,Person 2,Person 2,Events,Events,Events,Events,Events,Events,Assessments,Assessments,Report 1,Report 1,Report 2,Report 2,Report 1
ACN,Date,Local Time Of Day,Locale Reference,State Reference,Relative Position.Angle.Radial,Relative Position.Distance.Nautical Miles,Altitude.AGL.Single Value,Altitude.MSL.Single Value,Latitude / Longitude (UAS),Flight Conditions,Weather Elements / Visibility,Work Environment Factor,Light,Ceiling,RVR.Single Value,ATC / Advisory,Aircraft Operator,Make Model Name,Aircraft Zone,Crew Size,Operating Under FAR Part,Flight Plan,Mission,Nav In Use,Flight Phase,Route In Use,Airspace,Maintenance Status.Maintenance Deferred,Maintenance Status.Records Complete,Maintenance Status.Released For Service,Maintenance Status.Required / Correct Doc On Board,Maintenance Status.Maintenance Type,Maintenance Status.Maintenance Items Involved,Cabin Lighting,Number Of Seats.Number,Passengers On Board.Number,Crew Size Flight Attendant.Number Of Crew,Airspace Authorization Provider (UAS),Operating Under Waivers / Exemptions / Authorizations (UAS),Waivers / Exemptions / Authorizations (UAS),Airworthiness Certification (UAS),Weight Category (UAS),Configuration (UAS),Flight Operated As (UAS),Flight Operated with Visual Observer (UAS),Control Mode (UAS),Flying In / Near / Over (UAS),Passenger Capable (UAS),Type (UAS),Number of UAS Being Controlled (UAS),Aircraft Component,Manufacturer,Aircraft Reference,Problem,ATC / Advisory,Aircraft Operator,Make Model Name,Aircraft Zone,Crew Size,Operating Under FAR Part,Flight Plan,Mission,Nav In Use,Flight Phase,Route In Use,Airspace,Maintenance Status.Maintenance Deferred,Maintenance Status.Records Complete,Maintenance Status.Released For Service,Maintenance Status.Required / Correct Doc On Board,Maintenance Status.Maintenance Type,Maintenance Status.Maintenance Items Involved,Cabin Lighting,Number Of Seats.Number,Passengers On Board.Number,Crew Size Flight Attendant.Number Of Crew,Airspace Authorization Provider (UAS),Operating Under Waivers / Exemptions / Authorizations (UAS),Waivers / Exemptions / Authorizations (UAS),Airworthiness Certification (UAS),Weight Category (UAS),Configuration (UAS),Flight Operated As (UAS),Flight Operated with Visual Observer (UAS),Control Mode (UAS),Flying In / Near / Over (UAS),Passenger Capable (UAS),Type (UAS),Number of UAS Being Controlled (UAS),Location Of Person,Location In Aircraft,Reporter Organization,Function,Qualification,Experience,Cabin Activity,Human Factors,Communication Breakdown,UAS Communication Breakdown,ASRS Report Number.Accession Number,Location Of Person,Location In Aircraft,Reporter Organization,Function,Qualification,Experience,Cabin Activity,Human Factors,Communication Breakdown,UAS Communication Breakdown,ASRS Report Number.Accession Number,Anomaly,Miss Distance,Were Passengers Involved In Event,Detector,When Detected,Result,Contributing Factors / Situations,Primary Problem,Narrative,Callback,Narrative,Callback,Synopsis
,,,,,,,,,,,,,,,,,,,,,,,,,,,,,,,,,,,,,,,,,,,,,,,,,,,,,,,,,,,,,,,,,,,,,,,,,,,,,,,,,,,,,,,,,,,,,,,,,,,,,,,,,,,,,,,,,,,,,,,,,,,,
2199535,202501,0001-0600,ZZZ.Airport,US,,,0,,,,,,,,,,Air Carrier,A319,,2,Part 121,IFR,Passenger,,Taxi,,,,,,,,,,,,,,,,,,,,,,,,,,Generator Drive,,X,Improperly Operated,,,,,,,,,,,,,,,,,,,,,,,,,,,,,,,,,,,,Aircraft X,Flight Deck,Air Carrier,Pilot Flying,Flight Crew Air Transport Pilot (ATP); Flight Crew Multiengine,,,Confusion; Troubleshooting,,,2199535,,,,,,,,,,,,Aircraft Equipment Problem Critical; Deviation / Discrepancy - Procedural MEL / CDL; Deviation / Discrepancy - Procedural Published Material / Policy,,,Person Flight Crew,Aircraft In Service At Gate; Taxi,Flight Crew FLC complied w / Automation / Advisory; Flight Crew Returned To Gate; General Maintenance Action,Aircraft; Human Factors,Human Factors,Pushed back from the gate; #1 engine started normal; #2 engine started but we received a IDG LO PRESS ECAM msg. Talked to Maintenance Control and as per their direction attempted another start on the #2 engine with the same ECAM msg. Returned to the gate; met by contract Maintenance; they checked and saw the integrated drive generator (IDG) oil reservoir was very low and upon further inspection noted there was a contaminant in the reservoir that they determined was red colored hydraulic fluid. The First Officer suggested that we check the #1 engine IDG reservoir as well. Out of an abundance of caution I agreed and was shocked when the mechanics reported the reservoir was also contaminated with clearly not IDG OIL but a red hydraulic liquid. Visually checked it myself and took pictures. Discussimg it with Maintenance Control they determined the best course of action was to MEL the IDG on the #2 engine and have mechanics fly in and flush the #1 IDG reservoir on an overnight trip. 'The crew and I returned to the hotel for a XA:00 departure. The following day back on the flight deck reviewing the logbook we saw that MEL X was applied and signed of on the #2 engine. Upon further inspection we found the steps needed to be taken to apply the MEL; none of which were completed. After discussing the egregious mistake with Maintenance Control maintenance operations manager we did a engine run and with contract Maintenance in the flight deck and had them run procedures to manually disconnect the IDG on the #2 engine. Then I had them go out and redo all the steps required by the MEL including rechecking the APU oil level. During the engine run we received a #1 center tank lo press ECAM which I wrote up in the logbook. That write up was balanced by contract Maintenance; at the direction of Maintenance Control; with a reference to A-321 ACT guidance of less than 200 lbs of fuel in the ACT's. I reached out to the maintenance operations manager again and pointed this out; he agreed I re wrote up the ECAM and balanced it using the flight crew placarding procedures. The issue with the #1 IDG was rectified with a flush of the reservoir; changing all the filters and seals; sending the contami liquid from the reservoir for chemical analysis and using a engineering authorization (EA) for a one time revenue flight back to base to finish any required maintenance procedures.Cause: Not sure how such a breakdown of the safety management system can possibly occur at a tenured airline. I'm still shocked that both reservoirs could be serviced with anything other than required IDG oil. Also the issue with having a MEL X on the aircraft as balanced and steps completed all the while none were completed; not even required placards such as MAX ALT 330; is deeply concerning. Add to this the issue with the center fuel pump write up; balanced using guidance from a different aircraft type; glaringly shows problematic issues with current procedures. I can understand minor issues and mistakes but this event is indicative of systemic problems that need to be addressed as soon as possibleincluded a picture I took of the #1 IDG reservoir clearly showing the a deep red liquid; clearly not the required oil.,,,,A319 pilot flying reported an integrated drive generator low pressure warning during taxi. After returning to the gate; it was found both IDG reservoirs did not contain the correct fluid.
2205761,202501,0601-1200,ZZZ.Airport,US,,,,300,,,,,,,,,Fractional,Citation Longitude (C700),,2,Part 91,IFR,Ferry / Re-Positioning,,Final Approach,,Class E ZZZ,,,,,,,,,,,,,,,,,,,,,,,,Traffic Collision Avoidance System (TCAS),,X,Failed,,,Luscombe Model 8/Luscombe 50,,1,,,,,Takeoff / Launch,,,,,,,,,,,,,,,,,,,,,,,,,,Aircraft X,Flight Deck,Air Carrier,First Officer; Pilot Not Flying,Flight Crew Air Transport Pilot (ATP),,,Communication Breakdown,Party1 Flight Crew; Party2 Flight Crew,,2205761,,,,,,,,,,,,Aircraft Equipment Problem Less Severe; Conflict Ground Conflict; Critical,,,,,Flight Crew Executed Go Around / Missed Approach,Human Factors; Airspace Structure; Aircraft,Human Factors,We were on short final landing Runway XX at ZZZ; approximately 300ft AGL when another airplane; Aircraft Y (we found later from the FBO staff) entered the runway at the midfield taxiway (approximately 3000 feet down) and turned to begin a take off roll from Runway XY. A go around was immediately started by the pilot in command (PIC) (pilot flying (PF)). The plane was cleaned up; and the go around was called. We entered the left downwind for Runway XX and returned to land without further incident. The departing aircraft took off and left the area; with the only radio call made being sorry about that".After shutdown; the FBO staff stated that they heard all of our radio calls; but the departing traffic had made none. They stated he was a transient and didn't know where he was from or where he was going.Our TCAS was inop (MEL) so no traffic information was received.While cumbersome and sometimes probably impossible; minimizing the use of uncontrolled airports by aircraft with inop TCAS would be a huge benefit to safety.",,,,Fractional First Officer reported while on short final observing an aircraft enter the runway midfield facing the opposite direction resulting in the fractional aircraft executing a go around to avoid the conflict.
2210517,202502,0601-1200,ZZZ.Airport,US,,,0,,,IMC,,,,,,Tower ZZZ,Air Carrier,Regional Jet 700 ER/LR (CRJ700),,2,Part 121,IFR,Passenger,,Takeoff / Launch,,,,,Y,,,,,,,,,,,,,,,,,,,,,Ice/Rain Protection System Indicating & Warning,,X,Malfunctioning,,,,,,,,,,,,,,,,,,,,,,,,,,,,,,,,,,,,Aircraft X,Flight Deck,Air Carrier,Pilot Flying; Captain,Flight Crew Instrument; Flight Crew Air Transport Pilot (ATP); Flight Crew Multiengine,,,Communication Breakdown; Troubleshooting,Party1 Flight Crew; Party2 Maintenance,,2210517,,,,,,,,,,,,Aircraft Equipment Problem Critical; Deviation / Discrepancy - Procedural Maintenance; Deviation / Discrepancy - Procedural Published Material / Policy; Deviation / Discrepancy - Procedural MEL / CDL; Flight Deck / Cabin / Aircraft Event Other / Unknown,,,Automation Aircraft Other Automation; Person Flight Crew,In-flight,Flight Crew Rejected Takeoff; Flight Crew Returned To Gate; General Maintenance Action,Company Policy; Aircraft; Procedure; Human Factors,Procedure,Our flight departed normally from the gate in ZZZ this morning.  The ramps; taxiways; and runway were contaminated; so we taxied with the cowl anti-ice on; and turned on wing anti-ice and continuous ignition during the before takeoff-below the line checklist. Power application was normal.  Shortly after the takeoff roll began;  both R Wing A/I and L Wing A/I caution messages illuminated. We rejected the takeoff; completed the Rejected Takeoff QRH; and exited Runway XX at taxiway 1. We contacted maintenance control; and returned to the gate per their instructions. Just prior to parking at the gate; a WING OVHT warning illuminated. I instructed the first officer to turn off the wing anti-ice. He had already turned the wing anti-ice switch off as part of the after landing checklist I called for during taxi-in. Fortunately; we were nearly at the gate; so we finished the taxi-in; and the warning extinguished after being displayed for 5-10 seconds.I called Maintenance Control back; wrote up the discrepancy; and waited for on-call maintenance.  Once he arrived; Maintenance Control sent the mechanic the AMM (Aircraft Maintenance manual) paperwork to perform an operations check:Operational Test of the Wing Anti-Ice Control and Indicating System"After reviewing the paperwork; I expressed concern that many of the subtasks would require use of the Maintenance Data Computer (MDC). The MDC was on MEL; and had erroneously reported our wing anti-ice issues as a COWL anti-ice failure (and thus was unreliable).  After explaining this to the mechanic and a different maintenance controller; the new controller sent paperwork for a new ops check:"Operational Test of the Wing Anti-Ice Modulating and Shutoff Valves"  The detailed description of both tasks makes it clear that both would test the anti-ice valves; but the new test would NOT test the temperature sensors; the cross-bleed valve; nor the control panel. The first officer and I assisted the mechanic with this new procedure; in hopes that it would find the problem in the system. We were not optimistic; as we; as well as the original maintenance controller; suspected that it was likely a sensor issue.The ops check ran successfully- there were no faults detected.  The mechanic signed off the discrepancy; and as far as maintenance control was concerned; the aircraft was returnable to service.  I indicated that we had not found the source of the failure; no less fixed it.  As Maintenance control could/would not investigate further; I determined that the aircraft was not safe for revenue service. I contacted dispatch and the chief pilot's office; and refused the aircraft for revenue service for the following reasons:1. The MDC fault prevented us from determining the true cause of the warning and caution messages.2. The ops check we performed was not the one we should have been running. It was selected after maintenance control realized that the failed MDC prevented us from using the proper. It was; in essence; an inferior procedure that provided insufficient diagnostic information; and permitted no maintenance resolution. It returned the aircraft to service in a strictly legal sense; but left too many unanswered questions. Legal; but not safe and not smart.3. If the wing ovht message returned during takeoff; it would require a high-speed abort.4. If any of the messages returned in flight; I would be unable to continue to ZZZ1; as icing conditions existed and were forecast there.  This might require me to divert to an airport that was ideal for aircraft safety; but substandard for passenger comfort and safety.Since we did have an aircraft that was legal to fly; however; the crew and I agreed to reposition the aircraft. The dispatcher was able to provide us with sufficient fuel in a now-empty aircraft to make sure we had numerous places to take the aircraft out of icing conditions if we experienced any further anti-ice system issues.On final into ZZZ1; the R Wing A/I cautionmessage returned. As we had already descended below the icing conditions and were below 1000 feet; we decided the safest option was to land at ZZZ1. Taxi to the gate was normal. I re-entered the discrepancy in the maintenance logbook following shutdown.When I agreed to reposition the aircraft; I was given the impression that I was doing so in order for maintenance to complete the needed repairs. I was disappointed to find out that it was the company's intention to operate the aircraft in revenue service with no further maintenance action planned.In a not-quite related issue; but on the same flight:The ramp agent at ZZZ seemed determined to stand in the doorway to the flight deck the entire time we were waiting for maintenance to arrive. I asked him several times if he was okay; and when he didn't get the hint; asked him not to stand in the doorway to the flight deck. I did this because: -he was in the way of the first officer and I exiting the flight deck; -was obstructing my communication with the flight attendants;-It was just -strange- having him loiter there well within my personal space for no reason;-It is not appropriate for him to monitor my flight deck every second of the maintenance delay in hopes of an update that would not be forthcoming;-I knew that I was going to be making some calls to dispatch and maintenance that could be easily misconstrued by non-flight personnel; painting the airline in a bad light if repeated with poor attention to detail.-Most importantly: it is not his duty station.  He has no legitimate business loitering there.I suppose I could have explained more forcefully; but I was attempting to be kind.To prevent a repeat of Ramper-without-borders; when I was speaking to the first officer or the company; I closed and locked the flight deck door.  At some point; one of the ZZZ personnel came onto the aircraft for an update. When they saw the closed flight deck door; rather than knocking or speaking to the flight attendants in the back; they decided to call our company and tell them that we had "locked ourselves in the flight deck".   I'm sure that the ZZZ personnel were upset at the delay; but this kind of we vs. they drama is just unprofessional. Vigilance is important; but the most extreme vigilance doesn't preclude a knock on the door. Using vigilance as a cover for petty behavior is just plain old petty behavior.I doubt it will happen; but if someone would contact them and encourage them to maintain their behavior inside the norm; I would appreciate it.",,,,CRJ700 Captain reported gate return for anti ice warning messages resulted in maintenance failure to correct issue.  Captain also reported when aircraft was re-positioned the company intended to put aircraft back in service.
2214550,202502,1801-2400,ZZZ.Airport,US,,,0,,,VMC,,,,,,Ramp ZZZ,Air Carrier,B737 Undifferentiated or Other Model,,2,Part 121,IFR,Passenger,,Taxi,,,,,,,,,,,,,,,,,,,,,,,,,,APU,,X,Malfunctioning,,,,,,,,,,,,,,,,,,,,,,,,,,,,,,,,,,,,Aircraft X,Flight Deck,Air Carrier,Captain,Flight Crew Air Transport Pilot (ATP),Flight Crew Last 90 Days 107.93; Flight Crew Total 107.93; Flight Crew Type 107.93,,Communication Breakdown,Party1 Flight Crew; Party2 Ground Personnel,,2214550,,,,,,,,,,,,Aircraft Equipment Problem Critical; Deviation / Discrepancy - Procedural Published Material / Policy; Deviation / Discrepancy - Procedural MEL / CDL; Ground Event / Encounter Person / Animal / Bird; Ground Event / Encounter Ground Equipment Issue,,,Person Flight Crew,Taxi,General None Reported / Taken,Human Factors; Aircraft,Human Factors,On this flight we dispatched with an inop APU ZZZ1-ZZZ. We had already had one aircraft swap prior to our arrival and this aircraft was late arriving to the Gate starting us with delays to our evening departure to ZZZ. In considering whether to take the aircraft once Maintenance indicated they would be placing the APU on the MEL I called Dispatch who advised they would reach out to ZZZ ops to make sure they had the equipment and personnel to accept the aircraft in its current status. My primary concern was making sure local ops was aware and prepared to provide ground power to the aircraft with the #1 engine still running on arrival. Dispatch sent an ACARS a short time later indicating the station was aware and able to handle the aircraft. On arrival after exiting the Runway I instructed the FO to call Station Ops to again reiterate and caution that we would be arriving at the Gate without an APU and would be leaving the #1 engine running until electrical power was supplied to the aircraft. Ops acknowledged ramp was aware.The #2 engine was shut down as we pulled into the Gate and once stopped I set the parking brake and awaited ramp personnel to move to connect electric. It became very apparent they had no idea we needed to be hooked up. While trying to coordinate using hand signals someone on the ramp crossed in front of and in close proximity to the intake of the running #1 engine. Our beacon was still flashing. At this point I opened the window to communicate by voice and more hand signals that we needed electric. After a few more minutes electric was finally applied to the aircraft and engine shut down.Because of the confusion I queried station ops on the radio to ask if they had received a message from Company dispatch regarding our APU inop status. Ops acknowledged they had. I inquired as to whether that message had been passed to the ramp personnel that we'd need electric applied to the aircraft before shutting down. Ops indicated the message had been relayed. In closing the loop before leaving the aircraft I spoke with the ramp personnel who indicated that they had no idea; and were surprised to hear; our APU was not in service. The lead saw and recognized the danger of the individual crossing in front of the engine and seemed to attribute the occurrence as being part of the confusion as to what needed to occur when we arrived.In short; despite best efforts prior to departing ZZZ1; communication broke down somewhere which could have resulted in serious injury or worse.,,,,B737 Captain reported while enroute to their destination coordinating the need for electrical power before shutting down at the gate; this information was not received by the ramp personnel resulting in an unsafe ramp operation.
2215498,202502,1801-2400,ZZZ.Airport,US,,,,400,,,,,,,,TRACON ZZZ,Air Carrier,B737-800,,2,Part 121,IFR,Passenger,,Takeoff / Launch,,Class B ZZZ,,,,,,,,,,,,,,,,,,,,,,,,Air Conditioning and Pressurization Pack,,X,Malfunctioning; Failed,,,,,,,,,,,,,,,,,,,,,,,,,,,,,,,,,,,,Aircraft X,Flight Deck,Air Carrier,First Officer; Pilot Not Flying,Flight Crew Instrument; Flight Crew Multiengine; Flight Crew Air Transport Pilot (ATP),,,Troubleshooting; Workload,,,2215498,,Flight Deck,,Pilot Flying; Captain,Flight Crew Multiengine; Flight Crew Instrument; Flight Crew Air Transport Pilot (ATP),,,Troubleshooting; Confusion; Workload,,,2215855,Aircraft Equipment Problem Critical,,,Person Flight Crew,In-flight,Air Traffic Control Issued New Clearance; Air Traffic Control Provided Assistance; Flight Crew Landed in Emergency Condition; Flight Crew Returned To Departure Airport; Flight Crew Requested ATC Assistance / Clarification; Flight Crew Overcame Equipment Problem; General Flight Cancelled / Delayed,Aircraft,Aircraft,The Captain and I started at the gate as normal and saw we an MEL for the left Pack was inoperative. We went through the MEL procedure and talked about the procedure for a right pack only takeoff and we were restricted to FL250. The rest of the preflight was normal. Once we were number 1 for takeoff we preformed the MEL procedure for a left pack inoperative. We got onto runway XXR and began the takeoff per the SOP's. At rotation we got a master caution light. Since it was after V1 we were go minded. Once we got to about 400 ft I (pilot monitoring) looked and saw that the right pack light was on and we had no pressurization. At the point the Captain and I determined the best course of action was to level off at 3000 ft. Once we got to 3000 ft we [requested priority handling]. At that point we did the after takeoff checklist. After the checklist I went into the QRH for a Pack fail light. Per the QRH we pressed the pack reset light. Once we pressed the button the right pack came back online and we began to pressurize. The problem with the QRH is that it does not talk about what to do if the other pack is MEL'd. Once we got the other pack back online we decided it would be best to return to ZZZ since we were not confident in the right back and the left pack was MEL'ed. We then set up and briefed the ILS runway XY and landed without incident. One factor to the flight was how poorly written the MEL procedure was for the Left pack inoperative. All it says is before and after takeoff and is very vague. Although this was not an issue to our flight we discussed this threat while we were still at the gate. My recommendation is have a better and more concise procedure for that MEL. The biggest factor for this flight was the QRH does not talk about what to do if you lose the other pack while the other was MEL'd. Although this happened right at takeoff so our decision to come back was easy. We felt the QRH was running us down a rabbit hole. My recommendation is to add what to do with a MELed pack into the QRH if you lose the other pack.,,Flight ABC took off from runway XX at ZZZ and experienced a MASTER Caution Light on rotation with no corresponding annunciator lights on the Master Caution Annunciator Panel. The Right Pack light was illuminated indicating an overtemperature. After a positive climb rate and gear up; the PF asked the PM to ask ATC to level off at 3;000 feet MSL for a pressurization issue. ATC challenged the request and asked why. Captain told FO to [request priority handling] and request a heading before the LNAV turn on the SID . ATC complied. The PM relayed  that we needed 15 minutes before returning to runway XY at ZZZ. Once established on an altitude and heading; the auto pilot was engaged. The Captain remained the PF and called for the After Takeoff Checklist; QRC/QRH Pack Checklist; Non-Routine Landing; Descent and Before Landing Checklist. During the QRH Pack Checklist; the Right Pack light extinguished when it was the TRIP RESET switch was pushed. Although the QRH states that once both PACK lights are extinguished normal operation may continue; the Captain elected to return to ZZZ as a precaution. Dispatch was notified of the divert to ZZZ via ACARS. The Captain informed the Flight Attendants and made a calming PA to the passengers. Once all pertinent checklists were complete; the Flight Crew coordinated with ATC to return to ZZZ. Flight Crew and passenger oxygen masks were not needed. We safely landed below the maximum weight limit; no injuries or aircraft damage. The Captain relayed the issue to the Aircraft Rescue and Firefighting (ARFF) Chief and thanked him for the response. ARFF escorted the Flight Crew to Gate XX. In preparation for the flight; the Captain reviewed the MEL 21-XX-XXX for one inoperable pack; Left side. Procedures on the Bleed Air panel to increase airflow based on the phase of flight were reviewed and executed after engine start. Negative indications on the master caution panel during recall which allowed for operational dispatch. The APU was running during takeoff and landing for additional bleed air.Left pack inoperable leaving crew with only one for flight. QRH procedures do not consider MEL status.Flight Crews should use APU on takeoff and landing for additional bleed air as per MEL 21-XX-XXX to assist with vital air flow for pressurization.Training curriculum should include how to make the right judgment calls when QRH says 'continue normal operation.' In this case; dispatch required one operable air conditioning pack. The Captain decided the risk of the pack failing again at altitude was too high and elected to mitigate the risk; ensuring the safety of the flight crew and passengers on board. Exercise prudent judgement by wielding Captain's authority. This will significantly reduce task saturation and allow crews to be methodical when faced with any non-normal. ATC was much more cooperative and accommodating after [we requested priority handling]. Before they were putting pressure on the crew to expedite requests.Divert as needed to operate at the highest safety margin.,,Air carrier flight crew reported one pressurization pack was inoperative when they received an intermittent caution for the second pack so they returned to the departure airport.
2217891,202503,1201-1800,ZZZ.Airport,US,,,0,,,,,,,,,Tower ZZZ,Air Carrier,A319,,2,Part 121,IFR,Passenger,,Takeoff / Launch,,,,,,,,,,,,,,,,,,,,,,,,,,Airspeed Indicator,,X,Malfunctioning,,,,,,,,,,,,,,,,,,,,,,,,,,,,,,,,,,,,Aircraft X,Flight Deck,Air Carrier,Captain; Pilot Flying,Flight Crew Instrument; Flight Crew Air Transport Pilot (ATP); Flight Crew Multiengine,,,Fatigue,,,2217891,,,,,,,,,,,,Aircraft Equipment Problem Critical; Deviation / Discrepancy - Procedural Published Material / Policy,,,Person Flight Crew,In-flight,Flight Crew Rejected Takeoff; Flight Crew Returned To Gate; General Flight Cancelled / Delayed; General Maintenance Action,Aircraft,Aircraft,We flew the aircraft from ZZZ1 to ZZZ and wrote up NAV ADR 3 and the airspeed indication on the ISIS (Integrated Standby Instrument System). A red SPD flag was showing over the indicated airspeed. ZZZ Maintenance reissued the MEL for the ADR3 fault which had been cleared the day before. With ISIS speed ZZZ Maintenance had to do some more extensive tests. After everything was signed off; we were within 40 minutes of MOT (Minimum Off Time). As we taxied out; we noticed some issues with the lower ECAM not showing the flight control page during the flight control check. After speaking with Maintenance Control; they advised a return to gate. ZZZ managed to reset a few things and the lower ECAM seemed to work. At this time our MOT had expired so we decided we could extend our MOT by 1 hour. We taxied out to the runway; completed the before takeoff checklist. This time the lower ECAM responded normally. We were cleared for takeoff and noticed the ISIS indicated airspeed did not move. As we passed 60 knots; I realized it was not going to work. I rejected the take just before 80 kts; and informed ATC. I feel I could have been more prompt to reject and not wait so long to call the reject. The auto brakes were quite aggressive at stopping the aircraft. After we exited the runway; I made a PA explaining what happened and returned to gate and shortly after timed out. I made 2 logbook entries for the ISIS and rejected takeoff. The FO did a walk around after we arrived at the gate and everything looked normal.Cause: The fact that I woke up at XA:45 in ZZZ2 for a XD:00 departure; I'm sure had something to do with my slow reaction to reject. Also the accumulation of events and a return to the gate also had an impact; specially so close to MOT.,,,,A319 Captain reported a rejected takeoff due to Integrated standby airspeed anomaly.
2229032,202504,0601-1200,ZZZ.Airport,US,,,0,,,,,,,,,Tower ZZZ,Air Carrier,A220-300,,2,Part 121,IFR,Passenger,,Takeoff / Launch,,Class B ZZZ,,,,,,,,,,,,,,,,,,,,,,,,Oil Filter,,X,Malfunctioning,,,,,,,,,,,,,,,,,,,,,,,,,,,,,,,,,,,,Aircraft X,Flight Deck,Air Carrier,,Flight Crew Instrument; Flight Crew Air Transport Pilot (ATP); Flight Crew Multiengine,,,Troubleshooting,,,2229032,,,,,,,,,,,,Aircraft Equipment Problem Critical,,,Automation Aircraft Other Automation; Person Flight Crew,In-flight,Flight Crew Rejected Takeoff; Flight Crew Returned To Gate; General Flight Cancelled / Delayed,Aircraft,Aircraft,On the takeoff roll; just prior to 40 knots; the LEFT ENGINE FAULT EICAS Message appeared; and a low-speed reject was performed as required by company SOP.  The message cleared as we exited the runway; so we were not able to see the Message that triggered the EICAS. Maintenance Control was able to recall the Message at the Gate which was: 79 L ENGINE FAULT - OIL FILTER IMPENDING BYPASS. The engine oil temperature was in the normal range for Takeoff and no faults appeared during taxi and throughout the warmup period. The discrepancy was entered into the logbook and deferred by ZZZ Maintenance Control in accordance with MEL procedures.,,,,A220 pilot reported rejected takeoff after receiving an engine fault indication.
2234101,202504,0601-1200,ZZZZ.Airport,FO,,,0,,,VMC,,,,,,Tower ZZZZ,Air Carrier,B747-400,,3,Part 121,IFR,Cargo / Freight / Delivery,,Takeoff / Launch,,,,,,,,,,,,,,,,,,,,,,,,,,Engine Control,,X,Malfunctioning,,,,,,,,,,,,,,,,,,,,,,,,,,,,,,,,,,,,Aircraft X,Flight Deck,Air Carrier,First Officer; Pilot Not Flying,Flight Crew Air Transport Pilot (ATP); Flight Crew Instrument; Flight Crew Multiengine,,,Troubleshooting,,,2234101,Aircraft X,Flight Deck,Air Carrier,Pilot Flying; Captain,Flight Crew Multiengine; Flight Crew Air Transport Pilot (ATP); Flight Crew Instrument,,,Troubleshooting,,,2234102,Aircraft Equipment Problem Critical; Deviation / Discrepancy - Procedural Clearance,,,Automation Aircraft Other Automation; Person Flight Crew,Taxi,Flight Crew Rejected Takeoff,Aircraft,Aircraft,During the takeoff roll on flight from ZZZZ to ZZZ; while performing my duties as Relief Pilot; I observed abnormal fluctuations in the N1 parameter of engine number 4 when setting takeoff thrust. The N1 was fluctuating between 106% and 96%.In response to this situation; the Captain and First Officer attempted to stabilize the power; but were unsuccessful. The oscillation persisted and was accompanied by a left and right yawing sensation in the aircraft.The Captain executed a Rejected Takeoff (RTO). The aircraft was brought to a stop on the runway and subsequently vacated. We then came to a stop on the taxiway as per ATC instructions.The Engine number 4 EEC (Electronic Engine Control) was in DMI (Deferred Maintenance); when the thrust was set and adjusted to Take off thrust 104.4 that was the assumed temperature power obtained from the OPT (Onboard Performance Tool) (38C) the engine suddenly start to fluctuated between 106 to 96 N1 the Captain executed the RTO prior V1.Document this event in the Aircraft Technical Log.,,During take off; I set the thrust to 70% N1 and all the engines in N1's were symmetry.  I called for set the thrust; the F/O ( non-flying pilot) started to set the thrust manually. Once the take off was set (105.4% N1) the F/O immediately said that engine 4 was oscillating.  He immediately started to adjust the thrust setting on engine 4 again; but the oscillation continued. The oscillation was from 106% N1 to 94% N1. At that moment I did not feel any YAW movement. I thought it was spurious indication. We tried to stabilized the power but it was impossible. The F/O said that engine #4 continued oscillating again. At that moment I felt a strong YAW movement to the right and then to the left. The V1 speed was getting closer and I felt it was unsafe to continue the take off; due to the YAW movement of the aircraft. I made the decision to reject the take off. The auto brakes worked perfectly. F/O called ATC and requested assistance; as per company procedures. Cause: Engine #4 Electronic Engine Control System Suggestion: Better troubleshooting of systems and replace equipment sooner,,B747 flight crew reported engine control system malfunction resulted in engine surging and a rejected takeoff.
2234916,202503,1201-1800,ZZZZ.Airport,FO,,,0,,,,,,,,,Tower ZZZZ,Air Carrier,A321,,2,Part 121,IFR,Passenger,,Taxi,,,,,,,,,,,,,,,,,,,,,,,,,,Brake System,,X,Failed,,,,,,,,,,,,,,,,,,,,,,,,,,,,,,,,,,,,Aircraft X,Flight Deck,Air Carrier,Pilot Flying,Flight Crew Air Transport Pilot (ATP); Flight Crew Instrument; Flight Crew Multiengine,,,,,,2234916,,,,,,,,,,,,Aircraft Equipment Problem Critical,,,Person Flight Crew,Taxi,General Maintenance Action,Aircraft,Aircraft,During taxi-out to runway; number 4 brake temp increased and was well above other brake temp indicators. Thrust required for taxi was higher than normal. Requested tower to return to gate and was cleared to taxi down runway and exit taxiway 1.  After turning onto taxiway; the aircraft came to stop and I was unable to move any further; even with high thrust setting. Advised tower we were unable to move. Maintenance met on taxiway. Technician advised number 4 brake locked due to residual hydraulic fluid in brake line number 4. Brake number 4 had been on MEL. Cause: I am not a mechanic but after talking with the technician; I believe the number 4 brake line was not bled properly when put on MEL.,,,,A321 pilot reported the number 4 brake locked up during taxi-out requiring maintenance to meet the aircraft out on the taxiway.
2237792,202504,1201-1800,ZZZ.Airport,US,,,,,,,,,,,,Ramp ZZZ,Air Carrier,A330,,3,Part 121,IFR,,,Taxi,,,,,,,,,,,,,,,,,,,,,,,,,,Engine,,X,Improperly Operated,,,,,,,,,,,,,,,,,,,,,,,,,,,,,,,,,,,,Aircraft X,Flight Deck,Air Carrier,Captain; Pilot Flying,Flight Crew Air Transport Pilot (ATP); Flight Crew Instrument; Flight Crew Multiengine,,,Workload; Communication Breakdown; Confusion; Situational Awareness,Party1 Flight Crew; Party2 Ground Personnel,,2237792,,,,,,,,,,,,Aircraft Equipment Problem Critical; Deviation / Discrepancy - Procedural Published Material / Policy; Ground Event / Encounter FOD,,,Person Ground Personnel,,Flight Crew Overcame Equipment Problem; General Flight Cancelled / Delayed,Aircraft; Human Factors; Procedure; Equipment / Tooling,Human Factors,This was leg 2 of 2 for the day and we were in the pilot lounge reviewing our flight documents. We went over several items to include MEL's; Operations; departure; weather; and so forth. This aircraft had 3 MEL's related to the APU. Additionally; our destination weather did not look good at the time including wind gusting up to 65 knots and hail from 1' - 1 1/2'. Needless to say there was lots of discussion. We went out to the airplane; meeting the Lead around the steps of the aircraft. I had a brief discussion with him about the need for an air start due to the APU being on the MEL list. I asked him; as we were standing towards the nose of the aircraft looking back towards the tail what engine he would like us to start first. He said the left engine. I clarified with him; because we were looking at the engines from the nose back. I asked him; you mean engine number 2? He agreed and said yes.I paused because its preferable to start Engine number 1 first. I then told him if that makes it easier for you; we can do that and we will plan on starting engine number 2 first. We then headed up the stairs. We setup for the flight; the FO did the exterior inspection; we talked to dispatch for clarification on weather and a plan of action further down the line closer to CVG. We also spoke with [maintenance] for clarification on the MEL's. The FO and I came together to share a mental model of what we were facing. I told our jump seater who is also a FO on our aircraft that I would like if she would speak up if she had any relevant ideas or thoughts as our flight continued.  We finished our check and were ready to go. Communication with ground crew was established and confirming that engine number two would be started first. I started engine number 2 and told ground crew the number 2 was spinning. Shortly thereafter ground crew said you are starting the wrong engine and instructed me to kill the start. I immediately aborted the start on engine number 2.To me; this indicated a complete failure in communication between us in the cockpit and the ground crew. It was a request by them that we start engine number 2 first. However; this is not what they wanted and led me to believe that either we were failing to properly communicate or that the ground crew didn't know the difference between number 1 and number 2 engine. I resorted back to basics. I asked the ground what direction he was facing. He said the same way as you. I asked him if he was looking at the airplane and he said no. He said he was looking at the facility in front of the aircraft. I said OK; so if we are looking the same direction what engine do you want me to start first. He said the left engine. I said OK; the left engine from this orientation which was different from what we agreed to on the ground. I told him that was engine number 1; and that I could start that engine first. We the proceeded to start engine number 1 and then disconnected the GPU and the Air cart. During push back the ground crew called and said you are cleared to start your left engine. I said thank you; but we will need to wait until the push is complete and the brake is set. We are going to need to perform a cross bleed start on engine number 2 and I will need to increase thrust in order to perform the start. In order for us to continue with our procedures we need the push completed and the brake set. He acknowledged.Push was complete and brakes were set. We were cleared to start engine number 2. Further on in the engine 2 start sequence ground crew called in a panic and I could not tell what he said. I asked him to repeat what he said. He then said to stop engine start and that the engine ingested FOD. I immediately aborted engine number 2 start and asked him what happened. He reiterated that the left engine ingested FOD. I told him we would need to return to the gate. There was a discussion about towing us back in however; I informed him that we couldn't shutdown engine number 1 because we didn'thave an APU. He asked if we could taxi in on our own power and I said yes. We ran through a checklist to try to organize our procedures before we taxied in. I requested that he let me know when everyone was clear so that I could taxi back to the gate. Once at the gate I called again requesting the GPU due to the inoperative APU. We received external power and then proceeded to shut down engine 1 and run the parking checklist.The doors were open and I went to look at engine number 2 to see what FOD was ingested. I was told while walking to the engine that someone put a laptop on the inside of the engine number 2 nacelle. FOD was everywhere and they were cleaning it quickly. I returned to the cockpit to explain the situation to the FO and make and entry in the logbook.,,,,A330 Captain reported the number two engine was started by mistake. Subsequently; ground crews alerted the pilots to stop engine due to FOD ingestion.
2250250,202506,1801-2400,ZZZ.Airport,US,,,0,,,,,,,,,Tower ZZZ,Air Carrier,Regional Jet 700 ER/LR (CRJ700),,2,Part 121,IFR,Passenger,GPS; FMS Or FMC,Takeoff / Launch,,Class B ZZZ,,,,,,,,,,,,,,,,,,,,,,,,Main Gear Tire,,X,Failed,,,,,,,,,,,,,,,,,,,,,,,,,,,,,,,,,,,,Aircraft X,Flight Deck,Air Carrier,Pilot Flying; Captain,Flight Crew Instrument; Flight Crew Multiengine; Flight Crew Air Transport Pilot (ATP),Flight Crew Type 1376,,Troubleshooting,,,2250250,,,,,,,,,,,,Aircraft Equipment Problem Critical,,,Automation Aircraft Other Automation; Person Flight Crew,In-flight,Flight Crew FLC complied w / Automation / Advisory; Flight Crew Returned To Departure Airport; Flight Crew Landed in Emergency Condition; General Flight Cancelled / Delayed; General Maintenance Action,Aircraft,Aircraft,During our normal takeoff from RWY XXR at ZZZ we experienced an increase in vibration at V1. Once reaching rotation speed I initiated a standard rotation with no abnormalities. Aircraft climbed out normally. We received a YD2 INOP status message as well as a red DCP (Display Control Panel) flag on PFD1 (Primary Flight Display). Gear and flaps where retracted at the normal scheduled times with no incident. After we reached a safe altitude I called for the appropriate QRH's. Once completed we discussed the possibility of a tire failure. I messaged dispatch and the First Officer worked with ATC to have ZZZ do a runway inspection. Once we had confirmation from ZZZ airport operations that debris was found; I relayed this to Dispatch and Maintenance Control. The call was made to air return to ZZZ. We where cleared back to ZZZ. Dispatch release was sent for the updated destination. We [requested priority handling] with ATC to have ARFF (Airport Rescue and Firefighting) standby for landing. I called the Flight Attendants and briefed them. Decent and approach phases of flight where all normal. At touchdown we felt a moderate vibration after the main landing gear settled. Rollout and exiting the runway was normal. Once clear of the runway ARFF did a sweep of the Aircraft and confirmed the right inboard tire had failed. We also received a Flaps Fault status message. We taxied under our own power and terminated the flight at the gate.      Cause: Tire failure.,,,,Air carrier Captain reported a main tire failure during takeoff.
2252864,202506,1801-2400,ZZZ.Airport,US,,,0,,,,,,,,,Tower ZZZ,Air Carrier,B737-800,,2,Part 121,,Passenger,,Taxi,,Class C ZZZ,,,,,,,,,,,,,,,,,,,,,,,,Turbine Engine,,X,Malfunctioning,,,,,,,,,,,,,,,,,,,,,,,,,,,,,,,,,,,,Aircraft X,Flight Deck,Air Carrier,First Officer; Pilot Flying,Flight Crew Instrument; Flight Crew Air Transport Pilot (ATP); Flight Crew Multiengine,,,,,,2252864,Aircraft X,Flight Deck,Air Carrier,Pilot Not Flying; Captain,Flight Crew Air Transport Pilot (ATP); Flight Crew Instrument; Flight Crew Multiengine,,,,,,2252873,Aircraft Equipment Problem Critical; Flight Deck / Cabin / Aircraft Event Smoke / Fire / Fumes / Odor,,,Person Other Person,Taxi,Flight Crew Returned To Gate,Aircraft,Aircraft,On Day 0; I was assigned to work flight ABCD ZZZ to ZZZ1 as First Officer. We arrived at the gate and received a brief from the inbound crew of a good aircraft status and the ride report. We went down to the aircraft and began our normal preflight duties. I went out and performed the preflight walk around and noted no issues. Once inside I began my flight deck preflight. During the preflight I elected to perform the overheat and fire detection tests. The number 1 engine overheat failed. The aft cargo compartment detector also failed its test. The Captain wrote up both discrepancies and contacted Maintenance Control. We were boarding so the Captain communicated the discrepancies with the gate agent and purser to keep the boarding door open. The Captain also made a P.A. to passengers so they would understand the delay. Contract Maintenance arrived approximately 20 minutes later and began his operational checks of the system. It was determined that loop B on the number 1 Engine was faulty and that the Aft Cargo compartment loop A was faulty. Both of these faults could be signed off with an MEL. Once all paperwork was complete and check lists ran; we closed the boarding door and blocked out at XA:47.The engines started normally. We taxied for Runway XXL via ramp and [Taxiway] 1. We were instructed by Tower to taxi up to and hold short of Runway XXL while a flight was being given clearance for takeoff. As we were holding short of Runway XXL Aircraft Y advised Tower that they observed a small fire emanating from engine 1. There was momentary confusion as to whether Aircraft Y was reporting the fire on our aircraft or the aircraft that had just taken off. We quickly ascertained it was in fact our aircraft; left side number 1 engine. We had no fire/overheat indications in the flight deck; not on the fire detection system nor any abnormal engine indications; however; we elected to run the QRC/QRH for Engine Fire on the Ground. Upon securing the engine Aircraft Y reported that the flames had stopped and they no longer observed a fire. Tower had instructed Aircraft Y to taxi around us for takeoff and launched Airport Rescue and Firefighting (ARFF) who quickly arrived on scene. Captain requested an inspection by ARFF and stated that; if the inspection determined it was safe; our intentions were to return to the gate. Since there were no indications of fire observed by ARFF or in the detection systems the Captain elected not to discharged the fire bottle(s). While ARFF was completing the inspection; the Captain delegated to me to contact operations to communicate the situation with them and our intentions to return to the gate.After the inspection was complete; we coordinated with Tower our taxi back to gate XX with ARFF escort. Once we parked and completed the shutdown checklist; the Captain met ARFF at the door; who was waiting in the jet bridge. The ARFF Rep confirmed again that there appeared to be no fire in the engine so the Captain came back aboard and announced to the passengers to gather their belongings and return to the gate area; where a representative would work on alternate plans for them. At this time; I went outside to perform a post flight inspection where I noted no abnormalities. The Fire fighter who was standing at the number 1 engine showed me the laser heat gun reporting the engine temperature at 104 degrees. Upon returning to the jet bridge Captain was finishing a debrief with ARFF and then he began to make phone calls with the company as appropriate. The purser requested that I walk to the top of the jet bridge and request 4 wheelchairs with the gate agent as he was unable to communicate and unable to leave the aircraft with those waiting passengers aboard. Crew tracking called me at XC:22 and advised me that I was released at XC:20 and was reassigned a double deadhead the following day. I called hotels/limo to verify I had hotel accommodations. Captain waited on the aircraft to ensure that I and the cabin crewall had appropriate accommodations.Cause to be determined. Mitigation recommendations: continuation of thorough preflight; following procedures and checklists.,,I was assigned to work flight ABCD ZZZ to ZZZ1 as Captain. We arrived at the gate in time to get a short brief from the crew that had just brought the aircraft in from ZZZ1. They reported no anomalies with the aircraft and that the ride was poor for anything above FL300. We proceeded to the aircraft and prepped the aircraft as usual. It was during this preflight that it was noticed the number 1 engine fire detection was not testing properly; as well as the aft cargo compartment fire detection. I wrote both up and called Maintenance Control. Contract Maintenance arrived approximately 20 minutes later and began research on both faults. It was determined that the B loop of the engine detection was at fault and that it could be signed off by MEL. The cargo fault revealed a faulty A loop and that that could be signed off by MEL as well. We pushed at XA:47. Engine start and taxi went as normal. We were number 1 for take off when we heard a comment over the Tower frequency that an aircraft was observed with flames coming from one of their engines. We quickly ascertained that it was our aircraft that they were referring to. We had no indications of a fire or overheat on the flight deck. We ran the engine fire on ground" check list and secured the engine. It was at this time we heard; over Tower frequency; that the same observing aircraft reported that the flames had stopped and no fire was observed. By this point; Airport Rescue and Firefighting (ARFF) had arrived on scene and we requested that that inspect the engine. They report no smoke or flames; nor any evidence of a fire at all. I elected not to fire the bottle. We taxied back to our gate with ARFF as escort. We parked and I took the opportunity to speak with the ARFF representative who was in the jetway. He confirmed again that there appeared to be no issues with the engine. I returned to the aircraft and announced to the passengers to gather their belongings and return to the gate area; where a representative would work on alternate plans for them. I debriefed with ARFF. I started my chain of phone calls starting with Dispatch and advised them of our situation. I asked to be transferred to the chief pilot and briefed him as well. I called my union representative to confirm that I had not forgotten anything and call my base chief pilot as well. I reported fatigued; as I was squarely fixed on what had just happened and wanted to gather my thoughts for the required reports. I made sure my First Officer had been given a plan by scheduling and that my cabin crew had also been accommodated. Cause: I have none. A fire happens when it happens.",,B737-800 flight crew reported an engine fire was observed by another flight crew during taxi out. Flight crew decided to return to the gate.
2255083,202506,1201-1800,ZZZ.Airport,US,,,0,,,,,,,,,Ground ZZZ,Air Carrier,A319,,2,Part 121,IFR,Passenger,,Taxi,,,Y,,,,,,,,,,,,,,,,,,,,,,,Air Conditioning and Pressurization Pack,,X,Failed,,,,,,,,,,,,,,,,,,,,,,,,,,,,,,,,,,,,Aircraft X,Flight Deck,Air Carrier,Pilot Flying; Captain,Flight Crew Multiengine; Flight Crew Air Transport Pilot (ATP); Flight Crew Instrument,,,,,,2255083,,,,,,,,,,,,Aircraft Equipment Problem Critical; Deviation / Discrepancy - Procedural MEL / CDL; Deviation / Discrepancy - Procedural Published Material / Policy; Flight Deck / Cabin / Aircraft Event Other / Unknown,,,Person Flight Crew,Taxi,Flight Crew Returned To Gate; General Maintenance Action; General Flight Cancelled / Delayed,Aircraft,Aircraft,Assigned a 319 with #1 PACK on MEL; I elected to accept the aircraft because it was cool at the gate and ground delays were not anticipated. I knew the aircraft would cool enroute and temperatures were more manageable on the ground in ZZZ1. We pushed back from the gate and started both engines. We then waited about 10 minutes for other traffic in the ramp area to clear.At this time it became evident that with the rising afternoon temperatures; the cabin temp in the front of the aircraft cabin could not be maintained. It was climbing; but fairly slowly. As we taxied; we received a wheels up time for ZZZ1; incurring a 20 minutes delay. We stayed on Taxiway 1 and I watched as the temp continued to climb; now in the 80s in the forward cabin. I called the flight attendant (FA) and they stated it was not comfortable; but it was manageable. We then taxied to the runway for our wheels up time. We were #1 for departure when Tower informed us of a ground stop to ZZZ1 due to weather. We taxied clear of traffic and at this time the forward cabin was showing 100 degrees. I knew we were too close to min takeoff fuel and would need to return to the gate for gas.I also knew at this time that until the evening temperatures came down; I could not take this aircraft again due to the inability to maintain temperature. I called the FA at they again stated it was warm in the front. At this time the FA said something needed to be done as the forward cabin was becoming uncomfortable. Upon return to the gate; we immediately deplaned to ensure passengers remained safe and in more comfortable conditions. I wrote up that the aircraft cannot maintain adequate cabin temps with Pack MEL. Maintenance then came back and stated that the only way to not have the aircraft assigned to this flight is to refuse it. At this point I wrote up the following: Crew refusing aircraft due to high cabin temperature / pack MELWe swapped into a different aircraft and this one was wisely taken out of service to fix the PACK.Cause: PACK MEL in summer conditions is not ideal. Although it is impossible to predict long taxi times; as a policy I will no longer accept single pack aircraft in summer months as a Captain.,,,,A319 Captain reported air condition pack was MEL'd which led to high cabin temperature due to a delayed departure. This resulted in a return to the gate and the aircraft was refused.
2260304,202507,1201-1800,ZZZ.Airport,US,,,0,,,,,,,,,Ramp ZZZ,Air Carrier,Regional Jet 900 (CRJ900),,2,Part 121,IFR,Passenger,FMS Or FMC; GPS,Taxi,,,,,,,,,,,,,,,,,,,,,,,,,,Nosewheel Steering,,X,Improperly Operated,,,,,,,,,,,,,,,,,,,,,,,,,,,,,,,,,,,,Aircraft X,Flight Deck,Air Carrier,Captain; Pilot Flying,Flight Crew Multiengine; Flight Crew Air Transport Pilot (ATP); Flight Crew Instrument,,,,,,2260304,Aircraft X,Flight Deck,Air Carrier,First Officer; Pilot Not Flying,Flight Crew Air Transport Pilot (ATP); Flight Crew Multiengine; Flight Crew Instrument,,,,,,2260305,Aircraft Equipment Problem Less Severe; Deviation / Discrepancy - Procedural Published Material / Policy; Flight Deck / Cabin / Aircraft Event Other / Unknown; Ground Event / Encounter Loss Of Aircraft Control,,,Person Flight Crew,Taxi,Flight Crew Returned To Gate; General Maintenance Action,Aircraft,Aircraft,Aircraft was delayed on mx (Maintenance). When we finally got on board aircraft F/O went outside to complete walk around whilst I reviewed the AML (Aircraft Maintenance Logbook) and completed the acceptance flow. When F/O got back from walk around he mentioned that nothing was out of the ordinary. After pushback we completed the after start and before taxi checklists as per normal. When we went to taxi away despite putting input in the tiller for a left turn; the aircraft was turning hard right. I stopped the aircraft; ensured that the N/W STRG (Nosewheel Steering) switch was indeed on and that HYD SYS 3 had adequate pressure. We did not receive a message. We quickly reviewed the QRH for a steering inop non message - there is no such checklist; but did review the QRH for the steering inop caution message. Given this was the symptom we were experiencing we followed that checklist to no avail. I then quickly called Maintenance Control and they suggested the torque linkage may not be connected. After talking with the ground crew they confirmed this was the case. We decided the best course of action was to be towed back to the gate to have MX reconnect the torque linkage and conduct a quick ops check to make sure that was indeed the cause of the issue. We coordinated and carried that out. Upon return to the gate I visually inspected the nose gear and the torque linkage was indeed disconnected. During reflection with the F/O he recalled paying close attention to the nose gear as the area around it on the fuselage was particularly dirty; and at the time did not notice or recall seeing anything out of place.Cause: Torque linkage disconnected.Suggestion: More thorough walk around/inspection from all parties; MX; Ground Crew and F/O.,,We picked up the aircraft from maintenance; which was delayed. While the captain reviewed the MEL; I went outside to conduct my walk-around inspection. During the inspection; I did not notice anything abnormal with the aircraft. After completing our checklist; the ground crew pushed us back; and we received clearance to start the engine. Once the crew walked away; we performed the after-start check and the taxi checklist. We checked the nosewheel steering (N/W STRG) switch; and it was armed. We then obtained taxi clearance from the ramp.When the captain applied power; the aircraft veered to the right instead of the left. We stopped; set the brakes; and canceled our taxi clearance. We reviewed the QRH for the steering inoperative situation and called Maintenance Control. They informed us that the twerk links might not have been connected. We called the ramp and requested to be pushed back in. The crew came out and pulled us back in. Maintenance confirmed that the links were indeed not connected. They reconnected everything and conducted a proper test; no other issues arose afterward.Cause: Tourguq linkage left disconnected.Suggestion: Maintenance check torque linkage.,,Air carrier flight crew reported that after pushing back from the gate; the aircraft's steering had failed.
2260573,202507,1801-2400,ZZZ.Airport,US,,,0,,,,,,,,,,Air Carrier,A320,,2,Part 121,IFR,Passenger,,Taxi,,,,,,,,,,,,,,,,,,,,,,,,,,DC Generator,,X,Failed,,,,,,,,,,,,,,,,,,,,,,,,,,,,,,,,,,,,Aircraft X,Flight Deck,Air Carrier,Captain; Pilot Flying,Flight Crew Multiengine; Flight Crew Instrument; Flight Crew Air Transport Pilot (ATP),,,Troubleshooting,,,2260573,,,,,,,,,,,,Aircraft Equipment Problem Critical; Flight Deck / Cabin / Aircraft Event Illness / Injury; Ground Event / Encounter Loss Of Aircraft Control,,,Person Flight Crew,Taxi,Air Traffic Control Provided Assistance; Flight Crew Requested ATC Assistance / Clarification; General Physical Injury / Incapacitation,Aircraft,Aircraft,We landed in ZZZ and were taxing to the gate when we were advised by ops that it would be a 30-40 min wait for a gate. We coordinated with ground and parked on a taxi way. Our APU was MEL'D; and we were in a SETWA (Single-Engine Taxi Without APU) aircraft. We shut down engine 2. I told passengers that we will be waiting 30-40 min for a gate; but never stated it was ok to get out of their seats; and I did not turn the seat belt sign off. After 5 min we were informed by ops that a gate opened and we could proceed in. Within moments of receiving the info from ops; the FA called and told me people were out of their seats. I told the FA that we just got a gate; and I would make an announcement. I then made the announcement that we had a gate open for us and we would be proceeding to the gate; and to remain seated. After a few minutes of coordinating with ground and ramp; we started taxing to the gate. Within seconds of starting to taxi our only generator failed; and all the displays went dark in the flight deck including our ECAMs. I also heard engine 1 spool up. I stopped the aircraft rather quickly. I then heard screams from the cabin; which I assumed the lights turning off in the back frightened passengers. I made a 'remain seated announcement and we were dealing with a mechanical issue.' We had no engine gauge instrumentation so I could not tell the status of engine 1. But we had no APU to get another generator online. We told ground control and they asked if we would like a tow in; and I said yes. We consulted the QRH and found a procedure to reset gen 1; we did that and gen 1 came online. But we had no nose wheel steering. We thought the safer option would be to get towed into the gate still; and we were worried the generator would fail again if we tried to crossbleed start engine 2. My assumption was right and the generator failed again while waiting for the tow in. Also the FA called me and told me we would need medics at the gate as one of the passengers was still up when we restarted our taxi to the gate. They fell and hit their head in the fwd galley during the abrupt stop. We called ops to get medics at the gate.  Once we were hooked up to a tug; I told the passengers that we would be shutting down engine 1 and we would be towed into the gate. Once hooked up to the tug; I told the ground crew that I could lose them when I shut down engine 1; and to chock-us when they get to the gate and use hand signals. I shut down engine 1; and we were towed to the gate.,,,,A320 Captain reported during single-engine taxi with inoperative APU; the generator failed resulting in loss of cabin lighting and nosewheel steering. Aircraft was towed to the gate.
2263255,202507,0601-1200,ZZZZ.Airport,FO,,,0,,,VMC,,,,,,,Air Carrier,B737 Undifferentiated or Other Model,,2,Part 121,IFR,Passenger,,Taxi; Climb,,,,,,,,,,,,,,,,,,,,,,,,,,Stall Protection System,,X,Malfunctioning,,,,,,,,,,,,,,,,,,,,,,,,,,,,,,,,,,,,Aircraft X,Flight Deck,Air Carrier,Pilot Flying; Captain,Flight Crew Air Transport Pilot (ATP); Flight Crew Multiengine; Flight Crew Instrument,Flight Crew Last 90 Days 137.92; Flight Crew Type 1820.87,,Troubleshooting; Human-Machine Interface,,,2263255,Aircraft X,Flight Deck,Air Carrier,First Officer; Pilot Not Flying,Flight Crew Air Transport Pilot (ATP); Flight Crew Instrument; Flight Crew Multiengine,Flight Crew Last 90 Days 135.38; Flight Crew Type 1402.25,,Human-Machine Interface; Troubleshooting,,,2263489,Aircraft Equipment Problem Critical,,,Person Flight Crew,In-flight; Taxi,Flight Crew Landed in Emergency Condition; Flight Crew Overcame Equipment Problem; General Maintenance Action,Aircraft,Aircraft,After we pushed off the gate in ZZZZ and initiated the After Start Checklist an AUTO SLAT FAIL light was found to be on. The light extinguished with a master caution reset indicating a single channel failure. The QRH was actioned which indicated a single stall management/yaw damper computer had failed and ELB (Electronic Log Book) entry required. We sent the ELB and called Maintenance Control who verified with me over the phone that the AUTO SLAT FAIL light extinguished once the Master Caution was pressed. Maintenance Control deferred this AUTO SLAT FAIL and while I don't have the paperwork anymore I believe it was under XXXXX. After receiving and reviewing the new maintenance release I called again and asked both Maintenance Control and the Chief Pilot if maintenance had additional steps to accomplish. I wasn't sure due to the Maintenance section indicating they must verify normal operation of the remaining autoslat system and the additional notes indicating 'the inoperative autoslat system can be deactivated by pulling (open)...' circuit breakers. I had no indication of which system failed so this would require maintenance; but the MEL says a breaker 'can be' pulled; but no must be. Maintenance Control and the Chief Pilot also reviewed this and stated it was deferrable over the phone with no further action required of maintenance. We filed the maintenance release and continued to the runway with no other issues and no other erroneous indications were present.I was the pilot flying and shortly after takeoff from ZZZZ I noticed my flight director pitch command disappear and reappear multiple times. Additionally; once airborne the SPD LIM failure flag displayed on the captain's PFD (Primary Flight Display). We noted the anomaly while comparing both PFDs with the standby and concluded speed indication was reliable on all of them. After passing 10;000' I transferred controls and normal ATC comms to the first officer along with switching the flight director and transponder data to his side. My side still depicted SPD LIM; but once the flaps were retracted to UP the pitch command stayed on. The closest QRH action I could find in that moment for this abnormal was 'Airspeed Unreliable;' but we both agreed all three were reliable.I initiated a call with dispatch and was patched through. I spoke to dispatch and Maintenance Control about the original Auto Slat Fail deferral and subsequent SPD LIM failure flag after takeoff with the FD (Flight Director) pitch command issues on the captains PFD. Maintenance Control agreed the only QRH somewhat covering this was 'Airspeed Unreliable;' but speed was determined reliable. They advised there was nothing else to try and to just call back if anything else came up. We concluded the radio patch and a few minutes later the stick shaker activated for 2-3 seconds in association with the min speed bar filling up the speed tape on the captain's PFD. We called Maintenance Control back and relayed this info and they believed it to something (possibly AOA) feeding the captain's side bad data; thus; activating the stick shaker erroneously. The aircraft was flying normal otherwise though and the FO's PFD had no issues. After discussing with dispatch; Maintenance Control; and the First Officer we decided to continue to ZZZ with the First Officer made pilot flying for the remainder of the flight. Through the flight the stick shaker activated in 1 - 3 second bursts about a dozen times until the first selection of flap extension was made descending into ZZZ. Once the flaps were extended the captain's PFD FD pitch commands disappeared and reappeared at random again; but erroneous stick shaker activations stopped. Once parked at the gate in ZZZ we gave the maintenance team a recap and their hunch was a bad AOA vane and/or SMYD (Stall Management/Yaw Damper) computer.,,While running the After Start Checklist in ZZZ prior to taxi; the FLT CTRL master caution light illuminated during recall. The AUTO SLAT FAIL light was found to be associated with the master caution light. The AUTO SLAT FAIL light extinguished with a master caution reset. We referenced the QRH which indicated that it was a single stall management/yaw damper (SMYD) computer failure and required an ELB (Electronic Logbook) entry. We submitted an ELB and the captain called Maintenance Control who verified over the phone that the AUTO SLAT FAIL light was extinguished after master caution reset. Maintenance Control applied a deferral under MEL XXXXX. After receiving the new release and the associated MEL; we both agreed we wanted to verify with Maintenance Control that the MEL had been applied appropriately due to a flight crew action stating; 'MAINTENANCE IS REQUIRED TO VERIFY THAT REMAINING AUTO SLAT SYSTEM OPERATES NORMALLY ON INITIAL DEFERRAL.' The captain called Maintenance Control and the Chief Pilot to ask if maintenance needed to physically verify anything in order to meet this requirement and both stated that maintenance was able to verify the remaining auto slat system was operating normally over the phone via the 'AUTO SLAT FAIL' light extinguishing when we pressed the master caution reset. We filed the release and taxied out to the runway without further incident for departure.The captain was the pilot flying and briefly after takeoff he mentioned that his flight director's pitch commands were beginning to disappear and reappear multiple times. As the pitch commands were beginning to malfunction; a SPD LIM flag also appeared on the captain's PFD (Primary Flight Display). The captain and I both took note of the anomaly; cross checked both PFDs and the standby airspeed indicator; and concluded that all three were providing reliable airspeed information. After climbing through around 10;000 feet; the captain transferred controls to me and we swapped the flight directors and transponder data to reflect that as well. The captain's side continued to display the SPD LIM flag; however once the flaps were fully retracted his pitch command bars returned. We attempted to find a QRH procedure relating to the abnormality. The closest QRH we could find was 'Airspeed Unreliable' but we agreed that all three were providing accurate information. After transferring both the flight controls and normal radio calls to me; the captain initiated a call with dispatch and began communicating with dispatch and Maintenance Control.  Maintenance Control agreed that the only QRH remotely addressing the issue was 'Airspeed Unreliable;' but we determined we had reliable airspeed indications. We were told there was nothing else that could be done. They recommended we'd continue to ZZZ and to reach back out if it got any worse. Shortly after finishing the call with Maintenance Control /Dispatch; the stick shaker activated momentarily and the captain's min speed bar was filling the entire airspeed indicator. The captain called Maintenance Control again and passed along this new information. Maintenance Control believed it to be something providing the captain's side with improper data (possibly a faulty AOA indicator) and causing an erroneous stick shaker. The aircraft was flying normally and my PFD had all normal indications. Me; the captain; Maintenance Control; and dispatch decided the best course of action was to continue on to ZZZ with me as the pilot flying. Throughout the flight the stick shaker continued to activate for only a few seconds about a dozen times; until the flaps were extended on the descent into ZZZ. Again; with the flaps extended; the captain's pitch commands bars began to disappear and reappear periodically. We made a normal approach into ZZZ and landed without any further indecent.,,B737 flight crew reported auto slat fail messages at the gate and experiencing PFD (Primary Flight Display) errors and erroneous stick shaker activation in flight. Flight continued to destination and landed safely.
2264658,202507,1801-2400,ZZZ.Airport,US,,,,500,,VMC,,,,,,TRACON ZZZ,Air Carrier,B757-200,,2,Part 121,IFR,Cargo / Freight / Delivery,,Takeoff / Launch,,Class B ZZZ,,,,,,,,,,,,,,,,,,,,,,,,Rudder Control System,,X,Malfunctioning,,,,,,,,,,,,,,,,,,,,,,,,,,,,,,,,,,,,Aircraft X,Flight Deck,Air Carrier,Pilot Flying; Captain,Flight Crew Instrument; Flight Crew Multiengine; Flight Crew Air Transport Pilot (ATP),,,Troubleshooting,,,2264658,Aircraft X,Flight Deck,Air Carrier,Pilot Not Flying; First Officer,Flight Crew Multiengine; Flight Crew Instrument; Flight Crew Air Transport Pilot (ATP),,,Troubleshooting,,,2265452,Aircraft Equipment Problem Critical; Inflight Event / Encounter Loss Of Aircraft Control,,,Person Flight Crew,In-flight,Flight Crew Landed in Emergency Condition; Flight Crew Regained Aircraft Control; Flight Crew Landed As Precaution; Flight Crew Returned To Departure Airport; Flight Crew Requested ATC Assistance / Clarification; General Flight Cancelled / Delayed,Aircraft; Software and Automation,Aircraft,As soon as the aircraft broke ground I felt a shake in the rudder pedals. At approximately 500ft AGL the aircraft began an uncommanded Dutch Roll. The roll worsened as we accelerated and moved from flaps 5 to flaps 1. I decided to stop the acceleration at approximately 220KIAS and turn off the auto throttle and level off at 3000ft MSL. My goal was to make sure I had full control of the aircraft to aid in determine what was happening. We had no cockpit indication of anything other issues other than the Dutch Roll. At this point I decided to request priority handling and perform an air turn back to ZZZ.After requesting priority handling with ZZZ Approach we requested short vectors for a visual approach to Runway XX. The Dutch Roll continued during the entire approach and landing sequence. Of note; when I we moved the flaps back to 5 the Dutch Roll was not as aggressive. On short final at approximately 300-400ft AGL the R Yaw Damper EICAS message appeared. I opted to land; with the agreement of the First Officer (FO); instead of go around due to the nature of our problem. After landing we terminated the priority handling and taxied to parking uneventfully. Cause: This event was caused by an issue with the rudder on takeoff. I received an email stating the R Yaw Damper had some problems and was replaced.,,After completing the flight control check; a rudder psu status message populated on screen. We decided it was authorised to continue and place the message in the logbook on arrival in ZZZ. After departure; the Captain asked me if I could feel the side to side occilations that I think could best be decribed as dutch roll. I did indeed. As we accerated; the ' tail wagging' of the aircraft was becoming more intense. We had no fault message on the EICAS and specificly remember stating that all items in the memo were associated the the Generater on MEL. We requested priority handling; and I set us up for XX. The Captain was hand flying the aircraft and flew a downwind base visual. At some point on final; the yaw damp EICAS populated. The aircraft was stabilised and we thought it best to land rather than take the aircraft into a goaround with dutch roll. We landed and cancelled the priority handling. Cause: Prior to this flight; we had a gate return due to a gen failure and crosstie lock out. Maintenance placed the Gen on MEL and we continued. Though our flight control problem appears to have come from the rudder; I suspect electrical problems could be contributing.,,B757-200 flight crew reported malfunction with yaw damper causing dutch roll.
2271388,202507,1801-2400,ZZZ.Airport,US,,,,,,,,,,,,TRACON ZZZ,Air Carrier,EMB ERJ 170/175 ER/LR,,2,Part 121,IFR,Passenger,GPS; FMS Or FMC,Takeoff / Launch,,Class B ZZZ,,,,,,,,,,,,,,,,,,,,,,,,Landing Gear,,X,Malfunctioning,,,,,,,,,,,,,,,,,,,,,,,,,,,,,,,,,,,,Aircraft X,Flight Deck,Air Carrier,Pilot Flying; First Officer,Flight Crew Multiengine; Flight Crew Air Transport Pilot (ATP); Flight Crew Instrument,,,,,,2271388,Aircraft X,Flight Deck,Air Carrier,Pilot Not Flying; Captain,Flight Crew Instrument; Flight Crew Multiengine; Flight Crew Air Transport Pilot (ATP),,,Distraction,,,2266050,Aircraft Equipment Problem Critical; Deviation / Discrepancy - Procedural Published Material / Policy,,,Automation Aircraft Other Automation; Person Flight Crew,In-flight,Flight Crew Overrode Automation; Flight Crew FLC complied w / Automation / Advisory; General Maintenance Action,Aircraft,Aircraft,Upon takeoff I was pilot flying for the leg as the captain was pilot monitoring. Upon takeoff with the sign and correct fallout of 'positive rate'; I called for Gear up to which the captain complied with. Upon the attempt to retract the landing gear the gear level was stuck in the down position and the captain used the Downlock release button to retract the gear to which it then retracted. We were unaware of the non-annunciated EICAS message and have since learned that this event would have led to a diversion. Upon arriving into ZZZ1 we decided to extend the gear early while preparing to land to just make sure everything was operating normally; which it was. No other incidents happened on the flight and everyone was safely at ZZZ1 post flight to which we discussed with a ZZZ2 Captain what had happened.,,The pairing this day was four flight legs spread out to an Flight Duty Period (FDP) of 12 hours. On the flight before this event (Flight ZZZ3 to ZZZ) I encountered wind shear on departure from runway XX and performed the wind shear escape maneuver. Upon landing at ZZZ from ZZZ3 I was originally scheduled to operate ZZZ back to ZZZ3 as my last leg of the day. I was reassigned to operate ZZZ to ZZZ1. After the passengers deplaned I walked from Gate XX to XY and boarded the airplane. This was a new crew for me on a different aircraft than what I flew in. After conferring with Clearance Delivery that there was no Estimated Departure Clearance Time (EDCT) for our departure; reviewing the Aircraft Flight Maintenance Log (AFML) and coordinating with the Flight Attendants we decided we were ready to board the passengers.This airplane had 4 MEL's:Air Condition Packs without Ram Air Inlet Door Installed (Pack 2)Pack Flow Control ValveOverhead Storage Bin Cabin EFB System Power Supply (Captain Side)I reviewed all four MEL's with the First Officer and we came up with a plan on how to program and configure the airplane for takeoff with Pack 2 off. The bigger concern I had while passengers were boarding was cabin temperature control; I continuously communicated with the Flight Attendants to check on passenger comfort and made adjustments in the flight deck as necessary. The best we could lower the temperature down in the cabin to  was 28 degrees Celsius while it was 33 degrees ambient outside. I began to feel some pressure to become airborne sooner than later to receive better cooling in the cabin. Otherwise I planned to mitigate the risk of rushing by communicating with the First Officer that we are already late with no 'off the gate deadline'; there is no EDCT and good weather all of the way to ZZZ1. I was aware the First Officer is low time and I explained to him we need to be conscious of any pressure that can make us rush through any of our required briefings and procedures. I decided on being Pilot Monitoring considering the First Officer's experience level to reduce the potential for task saturation with the MEL procedures. We determined that the flight could be conducted within FO Low-Time limitations.We pushed back and received a taxi clearance to Runway XY and wheels up time that coincided with the time it would take to taxi to be ready for departure.I was Pilot Monitoring on this flight and we were cleared for takeoff. After take off I announced 'Positive Rate' and the First Officer responded 'Gear Up'. I reached for the gear lever to raise it and it would not move up. I tried again 2 more times (without forcing the lever) and it would not move up. At this moment a few considerations crossed my mind. The hot atmospheric conditions; gusting winds and having just experienced a wind shear escape maneuver out of ZZZ3 on the previous flight; I wanted to assure climb performance. Without consulting the First Officer I decided to press the Down Lock Release Button and raised the lever and the gear retracted. After clean up there was no EICAS message displayed. I contacted Departure Control and we proceeded with our climb and departure route. The First Officer continued hand flying with Auto Pilot off and Auto Throttles on for an estimated 10 to 15 minutes. We spent some time talking about why that could've happened and what it could mean. I then brought my attention back to the Pack 2 MEL; cabin temperature management and communicating with the Flight Attendants. It wasn't until about 30 minutes into the flight that things settled down and I got the sick feeling in my stomach that something was wrong; I missed something big. I did not refer to the QRH right after processing the gear lever would not move up.We reviewed the QRH and confirmed LG WOW SYS FAIL MESSAGE was not displayed. I advised Dispatch of the situation and we agreed on continuing to ZZZ1 and land there as it had the best options for multiple long runways and emergency services. I delayed lowering the landing gear until we were closer to ZZZ1's terminal area in case we had any kind of gear malfunction or EICAS message we would have to troubleshoot. I proceeded to lowering the landing gear and we received a 3 GREEN landing gear position indication with no EICAS message displayed. We believed it was safe to attempt a landing on runway XZL at ZZZ1 without a need to declare an emergency or require emergency response equipment on the ground. The landing; roll out and runway exit was uneventful and normal. There was no degraded brake; steering or thrust capability. After exiting the runway there was no non-normal EICAS message displayed. We taxied to Terminal XX Gate XZ; parked the aircraft and I wrote up the discrepancy in the AFML. I contacted Dispatch and Maintenance to inform them of the write up. Gear lever cannot be moved up.,,EMB-170 pilot crew reported that the landing gear override switch was needed to raise the landing gear after takeoff.
2273146,202508,1201-1800,ZZZ.Airport,US,,,0,,,,,,,,,,Air Carrier,A319,,2,Part 121,IFR,Passenger,,Taxi,,,,,,,,,,,,,,,,,,,,,,,,,,Hydraulic System,,X,Malfunctioning; Improperly Operated,,,,,,,,,,,,,,,,,,,,,,,,,,,,,,,,,,,,Aircraft X,Flight Deck,Air Carrier,Captain; Pilot Flying,Flight Crew Air Transport Pilot (ATP); Flight Crew Multiengine; Flight Crew Instrument,,,Communication Breakdown; Confusion; Time Pressure,Party1 Flight Crew; Party2 Maintenance,,2273146,Aircraft X,Flight Deck,Air Carrier,Pilot Flying; First Officer,Flight Crew Multiengine; Flight Crew Instrument; Flight Crew Air Transport Pilot (ATP),,,Confusion; Communication Breakdown; Time Pressure,Party1 Flight Crew; Party2 Flight Crew,,2272359,Aircraft Equipment Problem Critical; Deviation / Discrepancy - Procedural FAR; Deviation / Discrepancy - Procedural Published Material / Policy; Deviation / Discrepancy - Procedural Maintenance; Deviation / Discrepancy - Procedural MEL / CDL; Ground Event / Encounter Ground Equipment Issue,,,Person Flight Crew,Taxi,Flight Crew Returned To Gate; General Flight Cancelled / Delayed; General Maintenance Action,Aircraft; Procedure; Human Factors,Ambiguous,While this report is for our failure to comply with an MEL; which caused a tow bar pin to shear; it is also be bring awareness to operating with excessive MEL's on an aircraft. Aircraft X had 8 logbook deferral items and 6 MEL's.Maintenance was called for an incorrect MEL control number on the placard and a different missing placard. During our departure brief; per current MEL's we briefed turning off A/SKID & N/W STRNG; along with the need to express that the PARK brake was off to the push crew along with visual closed and locked of the 1L door to comply with all the MEL's on the aircraft. Several mechanics came out and one of them stated that MEL XX-XX was removed. I stated oh good; we don't need to do the A/SKID & N/WW STRG off". He said "you are good to go". When in reality MELXX-XXA was removed but XX-XXB remained and to comply with the MEL; hydraulic pressure to the nose wheel steering needed to be shut off. We did not; and upon starting the engine; the rising hydraulic pressure sheared the tow bar shear pin.After tracking the logbook; Aircraft X had no damage noted for the incident.After being towed back to the gate and now an incident was weighing on the FO and myself; we were given a new plane.Aircraft Y had 9 logbook deferral items and 4 MEL's. Maintenance was called on MEL XX-XY and XX-XZ to get clarification on verifying Auto Brake indications. The ECAM Wheel page had no indications of the operation of Auto Brake. A total of 5 mechanics came out and all were unsure of the indication or lack of it. This caused about a 2-hour delay. One mechanic went to another aircraft and researched and came back with the fix. The MEL does not state that hydraulic pressure must be on system for Auto Brake to show indication and operation.  All of us said this is a poorly written MEL; and the need for hydraulic pressure should be on that MEL.The issues this evening stemmed from broken aircraft with an excessive amount of MEL's and multiple MEL's on the same system; 3-hour delays rolling into the night; 1 hour between flight from delay; and in the end approaching the expiration of our duty time past midnight.Things that could have prevented this incident: Attention to detail on complex MEL compliance in compressed time due to delays. When in doubt; delay engine start until push back and disconnect is complete. Very cautionary use of aircraft with excessive MEL's with numerous MEL's on the same system. Due diligence when operating and approaching duty time limit late into the night.",,We arrived at gate XX from delayed flight from ZZZ1 and had roughly an hour between upcoming scheduled flight.  I walked from [gate] XX to XY which took roughly 18 minutes.  Arrived at aircraft and while captain started checking out MEL procedures (We had six on the aircraft) I went out and did the walk around.  I returned after walk around and loaded flight plan and prepped the aircraft.  Captain was writing notes in multiple procedures would have to complete with up coming MELs.  We then worked through normal briefing items and route verification and briefed MEL procedures; including turning off antiskid due to Nose Wheel Steering MEL.  While captain briefing I verified that placard numbers were correct; and found that they were not correct.  Called maintenance to the aircraft and on their arrival addressed correcting the placards; during this process one of the MEL's that had been removed was one of the two MEL's for nose wheel steering issues.  The captain asked the maintenance crew then if we would not have to do the procedure.  He replied no that has been fixed.  Shortly thereafter we began push back; we confirmed that light ground crew normal sees with nose gear was still not working for brakes.  Push back then occurred normally with confirmation of brakes.  Engine start was called for and shortly after starting engine one loud noise and pushback was immediately stopped. We called maintenance and let them know had issue that needed inspection.  We shut down engine after talking to ramp to see if could stay where at due to not knowing if could be moved. Maintenance arrived and began inspection.  Tow bar and nose gear initially inspected and multiple times said seeing no issues.  But then found a hydraulic leak and determined safe to pull back to gate.  Coordinated with Operations to allow them to determine next steps operationally.Cause: Aircraft with multiple MEL items and on same system. Confusion due to incorrect placarding initially and statement that something was fixed in same system and then asking if procedure not required with reply no that has been fixed. Crew not verifying that MEL with procedure that previously discussed was the one that actually got fixed.Recommend that engine start be delayed until after towbar disconnected from aircraft or possibly procedure where nose wheel/antiskid switch is always shut off until ready to taxi.,,A319 flight crew reported hydraulic pressure issue during pushback that resulted in sheared tow bar pin due to non-compliance with MEL.
2277991,202508,0001-0600,ZZZ.Airport,US,,,0,,,,,,,,,,Air Carrier,B767-300 and 300 ER,,2,Part 121,IFR,Cargo / Freight / Delivery,,Taxi,,,,,,,,,,,,,,,,,,,,,,,,,,Brake System,,X,Failed,,,,,,,,,,,,,,,,,,,,,,,,,,,,,,,,,,,,Aircraft X,Flight Deck,Air Carrier,Captain; Pilot Flying,Flight Crew Air Transport Pilot (ATP); Flight Crew Instrument; Flight Crew Multiengine,Flight Crew Total 17500,,Human-Machine Interface; Situational Awareness; Time Pressure,,,2277991,Aircraft X,Flight Deck,Air Carrier,Pilot Not Flying; First Officer,Flight Crew Air Transport Pilot (ATP); Flight Crew Instrument; Flight Crew Multiengine,Flight Crew Last 90 Days 30; Flight Crew Total 14000,,Time Pressure; Human-Machine Interface; Troubleshooting,,,2277992,Aircraft Equipment Problem Less Severe; Ground Event / Encounter Ground Equipment Issue; Ground Event / Encounter Loss Of Aircraft Control,,,Person Maintenance; Person Flight Crew,Taxi,Flight Crew Took Evasive Action,Aircraft,Aircraft,The airplane started moving when chocks were released. We had a flight from ZZZ to ZZZ1. The weather was VFR in both locations and the airplane had an MEL for the APU. We arrived at the plane with the air cart connected and the airplane was almost loaded so I sent for an amended release to leave early. The company responded that we should wait until normal departure time which was XA15 so we replied and acknowledged. I told the mechanic to get on the headset at XA05 since we had to do an air start and ZZZ is a power out station. My usual routine is when I sit in the seat set the parking brake. When the mechanic was on the headset I used company procedures to allow him to remove chocks and stairs from the airplane. About 30 seconds later I noticed the airplane moving very slightly. I immediately moved my feet onto the brakes but the airplane did not stop and looking at the brake pressure it was showing zero PSI. My copilot turned on hydraulics seeing the same thing; the mechanic was on the headset saying brakes and threw a chock in front of the nose tire. The airplane stopped. However the hose was pulled from the air cart. To my best recollection the parking brake was set and my copilot was sure it was set and mechanic said he saw the brake light on down at his station on the nose gear. However this situation has just been mentioned by the company to be careful when setting the brake and looking at the brake pressure so at the time I was thinking I must not have set the brake or I might have released it without realizing it. Luckily nobody was hurt and the aircraft did not sustain any damage. From now on I will be pointing to the parking brake light; EICAS message and pressure gauge whenever a checklist item is called regarding brakes or when set or release them. By taking this action I believe it should slow everything down as sometimes on the line we move through checklists too fast out of habit.,,I had a flight from ZZZ to ZZZ1 and settled in the cockpit. This had a differed APU. I did my duties as a first officer of all my cockpit checks and inspection of the back of the plane. As I was getting into the right seat I did notice was light on for the parking break was set. I did my cockpit flows and finished up my clearance. As we are ready to go; captain called downstairs to mechanic to remove the chocks stairs. As he did we noticed the plane moving. As we noticed it moving the mechanic said brakes brakes! Soon as the mechanic said brakes; I looked at the brake pressure gauge and it was 0. The captain jump on the brakes trying to stop the plane but it would not. I reached up to the hydraulic panel and turned on the pumps asap. As I did that the plane stop and the mechanic said I threw a chock on the front tire. First thing the captain ask is everyone ok. No one was hurt; and the only thing damaged was the air hose to the air cart. So the mechanic called for a new hose for the cart. Other than that no damage or no one hurt. The mechanic said; your parking light was on down on the gear. I verified with the captain that I did see the light on too. We talked about on the event on what happened. I found it unusual to see a 0 psi brake gauge. There was no 5605 hydro fluid on the ground. As a A&P I remember in my experience in different aircraft is that we found the accumulator bladder was leaking to the other side of the bladder which gave no solid pressure to the system. We turn pumps on it would go to 3000psi but you can see it slowly fade down to an approximately 900 -800 psi after shutting the pumps off. Which tells the bladder is not holding that has a crack or hole in it. It [is] sharing the fluid on both sides of the bladder. What I believe happened is once the pressure went to 0 psi it releases the brake. Nothing hold on the pressure on the brakes which release the brakes.,,B767 flight crew reported uncommanded aircraft movement after chocks were released. Brake application did not stop the aircraft so chocks were placed.
2288533,202509,0001-0600,ZZZ.Airport,US,,,0,,,,,,,,,Ground ZZZ,Air Carrier,A319,,2,Part 121,IFR,Passenger,,Taxi,,,,,,,,,,,,,,,,,,,,,,,,,,Engine Control,,X,Malfunctioning,,,,,,,,,,,,,,,,,,,,,,,,,,,,,,,,,,,,Aircraft X,Flight Deck,Air Carrier,Captain; Pilot Flying,Flight Crew Multiengine; Flight Crew Instrument; Flight Crew Air Transport Pilot (ATP),,,Confusion; Distraction; Troubleshooting; Time Pressure; Situational Awareness,,,2288533,,,,,,,,,,,,Aircraft Equipment Problem Critical; Deviation / Discrepancy - Procedural MEL / CDL; Deviation / Discrepancy - Procedural Maintenance; Ground Event / Encounter Other / Unknown,,,Person Flight Crew,Taxi,Flight Crew Returned To Gate; General Flight Cancelled / Delayed; General Maintenance Action; General Release Refused / Aircraft Not Accepted,Aircraft; Procedure,Aircraft,During preflight we had a Zone Control message. Maintenance attempted to test and reset the Zone Control unsuccessfully and put MEL XX-XXX on the aircraft. We completed preflight and pushed. Upon engine start both engines were stuck in high or flight idle with N2 71-72% and not matching the thrust levers. We taxied to a spot to stop and call Maintenance Control. During taxi I had to use more than normal braking to keep aircraft speed under control. I elected to shut down engine 2. Engine 1 briefly went to ground idle and then returned to flight idle. Maintenance Control advised return to gate. Based on the high idle and previous reported write up on with another issue with high idle; I did not feel it was safe to fly the aircraft and after we got to the gate and shutdown; I called Dispatch and informed them I was rejecting the aircraft. The aircraft also had previous write-ups related to zone temp control and air issues.,,,,Airbus 319 Captain reported that after push back and engine start; both engines became stuck at high idle. A return to the gate was safely accomplished after one engine was shutdown to facilitate a controlled taxi speed.
2289386,202509,1201-1800,ZZZ.Airport,US,,,,,,,,,,,,Tower ZZZ,Air Carrier,A320,,2,Part 121,IFR,Ferry / Re-Positioning,FMS Or FMC; GPS,Initial Climb; Takeoff / Launch,,Class C ZZZ,,,,,,,,,,,,,,,,,,,,,,,,Air Conditioning Distribution System,,X,Malfunctioning,,,,,,,,,,,,,,,,,,,,,,,,,,,,,,,,,,,,Aircraft X,Flight Deck,Air Carrier,Other / Unknown,Flight Crew Air Transport Pilot (ATP); Flight Crew Instrument; Flight Crew Multiengine,,,Situational Awareness; Confusion,,,2289386,,,,,,,,,,,,Aircraft Equipment Problem Critical; Deviation - Track / Heading All Types; Deviation / Discrepancy - Procedural Clearance; Flight Deck / Cabin / Aircraft Event Smoke / Fire / Fumes / Odor,,,Person Flight Crew,In-flight,Air Traffic Control Provided Assistance; Flight Crew Requested ATC Assistance / Clarification; Flight Crew Landed in Emergency Condition; Flight Crew Returned To Departure Airport,Aircraft,Aircraft,Ferry flight out of ZZZ with #2 PAK on MEL. Only flight crew aboard. Normal takeoff roll. On liftoff strong chemical / fine mist in the cockpit. No ECAM. Oxygen masks donned immediately. AC control was transferred and we missed the initial heading due to confusion. Coordinated with ATC for a return to ZZZ. We didn't get higher than 8000 feet. Once stabilized we shut off PAK 1 which triggered an ECAM which we then followed. RAM AIR on. Uneventful return and landing and runway XX L.,,,,A320 pilot reported just after takeoff and during initial climb the flight deck began to fill with a strong chemical smell and mist.
2290869,202509,1801-2400,ZZZ.Airport,US,,,0,,,,,Temperature - Extreme,,,,,Air Carrier,B777-200,,3,Part 121,IFR,Passenger,,Taxi,,,,,,,,,,,,,,,,,,,,,,,,,,Air Conditioning Distribution System,,X,Malfunctioning,,,,,,,,,,,,,,,,,,,,,,,,,,,,,,,,,,,,Aircraft X,Flight Deck,Air Carrier,First Officer,Flight Crew Air Transport Pilot (ATP); Flight Crew Instrument; Flight Crew Multiengine,,,Physiological - Other; Situational Awareness; Troubleshooting,,,2290869,,,,,,,,,,,,Aircraft Equipment Problem Critical; Flight Deck / Cabin / Aircraft Event Illness / Injury,,Y,Person Flight Attendant,Taxi,Flight Crew Returned To Gate; General Flight Cancelled / Delayed; General Maintenance Action,Aircraft,Aircraft,I reported at XA:25 local time for a XB:25 departure from ZZZ to ZZZZ. The flight attendants had been telling us that it was too hot in the back and we had notified maintenance. We had an MEL associated with the air conditioning system already; but maintenance advised that the plane would cool better after the engines were started and even more so at altitude. After we left the gate on time; we taxied out and received several calls from the FAs advising that it was too hot in the back still. We stopped the plane and the CA called maintenance again. We were able to reset the air conditioning system and it seemed to briefly help. Within a few minutes; the temperature started to climb again and we made the decision to return to the gate. It took several minutes and many calls to have the gate ready for our return. While waiting for the gate; we were advised of two passengers that seemed to be having problems with the heat in the back; one may have lost consciousness. Eventually we made it to the gate and deplaned.I believe that we as the flight crew underestimated the severity of the heat in the back of the plane. An additional maintenance item popped up and made the situation worse. We could have probably dealt with the heat earlier and deplaned before we did.,,,,B777 pilot reported malfunctioning air conditioning system resulted in high cabin air temperatures and a gate return.
2292384,202510,1201-1800,ZZZ.Airport,US,,,0,,,,,,,,,,Air Carrier,EMB ERJ 145 ER/LR,,2,Part 121,IFR,Passenger,,Takeoff / Launch,,,,,,,,,,,,,,,,,,,,,,,,,,Turbine Engine Thrust Reverser,,X,Malfunctioning,,,,,,,,,,,,,,,,,,,,,,,,,,,,,,,,,,,,Aircraft X,Flight Deck,Air Carrier,Pilot Flying; First Officer,Flight Crew Multiengine; Flight Crew Air Transport Pilot (ATP); Flight Crew Instrument,,,,,,2292384,Aircraft X,Flight Deck,Air Carrier,Captain; Pilot Not Flying,Flight Crew Instrument; Flight Crew Multiengine; Flight Crew Air Transport Pilot (ATP),,,,,,2291850,Aircraft Equipment Problem Critical,,,Automation Aircraft Other Automation,In-flight,Flight Crew Rejected Takeoff; General Maintenance Action,Aircraft,Aircraft,Departing XXC; applied thrust and approximately 40k received TR (Thrust Reverser) Disagree Caution. RTO (Rejected Takeoff) and exited the runway.,,During Takeoff Roll at approximately 40 kts; an EICAS caution ENG 1 THRUST REV disagree message illuminated. The Captain rejected the takeoff and taxied clear of the runway. After consulting Maintenance; the crew returned to the gate. An MEL for ENG 1 TR (Thrust Reverser) was added. The flight then departed and arrived at the destination without further incident.,,EMB-145 flight crew reported a thrust reverser disagree EICAS on takeoff. Takeoff was rejected and crew returned to the gate.
